UAT ID,Module / Process,Test Scenario,Business Objective,Persona,Preconditions,Test Data,Navigation,Step-by-Step User Actions,Expected Result,Expected Status,Expected Notification,Expected Next User,Security / SoD Expectation,Evidence Required,Actual Result,Result,Defect ID,Tester,Execution Date,Comments
IA-UAT-LGN-001,Login / Navigation / Personas,Head of Internal Audit signs in,Confirm the Head of Internal Audit can reach the audit workspace after sign-in,Head of Internal Audit (audit.hia),Persona account active,audit.hia,Sign-in page,1. Open the application. 2. Enter the Head of Internal Audit user name and password. 3. Sign in.,Sign-in succeeds and the Internal Audit landing page is displayed with the user's name and role,Authenticated,No,Same user,Only Internal Audit content is offered,Screenshot of landing page,Observed result matched the expected result.,PASS,,UAT Team (real persona sessions),2026-08-31,
IA-UAT-LGN-002,Login / Navigation / Personas,Sidebar reflects Head of Internal Audit duties,Confirm menu content matches the role's responsibilities,Head of Internal Audit (audit.hia),Signed in as HIA,-,Left navigation,1. Review the Internal Audit sections in the left menu. 2. Expand each group.,"Planning, approval, audits, action centre, registers, reports and reference data are visible",Authenticated,No,Same user,Configuration-only screens are not offered unless the role is entitled,Sidebar screenshot,Observed result matched the expected result.,PASS,,UAT Team (real persona sessions),2026-08-31,
IA-UAT-LGN-003,Login / Navigation / Personas,Lead Auditor sign-in and menu,Confirm the Lead Auditor sees engagement delivery functions,Lead Auditor (audit.lead),Persona account active,audit.lead,Sign-in page then left navigation,1. Sign in as the Lead Auditor. 2. Review the left menu.,"Audits, programme, fieldwork, findings, reports and action centre are available; plan approval is not offered",Authenticated,No,Same user,Plan approval must not be offered to the preparer,Sidebar screenshot,Observed result matched the expected result.,PASS,,UAT Team (real persona sessions),2026-08-31,
IA-UAT-LGN-004,Login / Navigation / Personas,Audit Team Member sign-in and menu,Confirm the team member sees assigned work only,Audit Team Member 1 (audit.auditor1),Persona account active,audit.auditor1,Sign-in page then left navigation,1. Sign in as Audit Team Member 1. 2. Review the left menu and the Action Centre entry.,"Assigned audits, fieldwork, evidence and findings are available; planning and approval functions are not",Authenticated,No,Same user,"No planning, approval or configuration entries",Sidebar screenshot,Observed result matched the expected result.,PASS,,UAT Team (real persona sessions),2026-08-31,
IA-UAT-LGN-005,Login / Navigation / Personas,Auditee management sign-in and workspace,"Confirm an auditee reaches a management workspace, not the audit workspace",Benefits Management / Auditee (audit.mgmt.benefits),Persona account active,audit.mgmt.benefits,Sign-in page,1. Sign in as Benefits Management. 2. Observe the landing page and menu.,A management workspace listing the department's audit obligations is shown,Authenticated,No,Same user,"No auditor working papers, planning or quality review entries",Screenshot of management landing page,Failed in first pass; retested after Remediation Wave 1 and now meets the expected result.,PASS AFTER REMEDIATION,UAT-DEF-02,UAT Team (real persona sessions),2026-08-31,
IA-UAT-LGN-006,Login / Navigation / Personas,Sign out and session end,Confirm a business user can end the session safely,Head of Internal Audit (audit.hia),Signed in,-,User menu,1. Open the user menu. 2. Select sign out. 3. Attempt to return to the previous page using the browser back button.,The session ends and the previous audit page is no longer readable,Signed out,No,-,Session content is not readable after sign-out,Screenshot after sign-out,Observed result matched the expected result.,PASS,,UAT Team (real persona sessions),2026-08-31,
IA-UAT-ADM-001,Audit Administration,Maintain audited departments,Confirm reference departments can be maintained,Audit System Administrator (audit.admin),Signed in as Audit Administrator,UAT department record,Internal Audit > Departments,1. Open Departments. 2. Review the list. 3. Open one department and review its details.,"Departments load with name, head and active state",Read-only pass,No,-,Administrator may maintain reference data only,Screenshot of Departments list,Failed in first pass; retested after Remediation Wave 1 and now meets the expected result.,PASS AFTER REMEDIATION,UAT-DEF-01,UAT Team (real persona sessions),2026-08-31,
IA-UAT-ADM-002,Audit Administration,Maintain business functions,Confirm functions can be maintained and are distinct from processes,Audit System Administrator (audit.admin),Departments exist,UAT function,Internal Audit > Business Functions,1. Open Business Functions. 2. Confirm each function is linked to a department. 3. Confirm functions are not presented as processes.,Functions list correctly and remain distinct from processes,Read-only pass,No,-,Reference data only,Screenshot,Failed in first pass; retested after Remediation Wave 1 and now meets the expected result.,PASS AFTER REMEDIATION,UAT-DEF-01,UAT Team (real persona sessions),2026-08-31,
IA-UAT-ADM-003,Audit Administration,Auditor register,Confirm the auditor register is complete and usable for planning,Audit System Administrator (audit.admin),Auditors exist,Auditor profiles,Internal Audit > Auditor Profiles,"1. Open Auditor Profiles. 2. Review grade, availability and specialisation.",All active auditors are listed with the attributes needed for assignment,Read-only pass,No,-,Administrator cannot assign engagements,Screenshot,Failed in first pass; retested after Remediation Wave 1 and now meets the expected result.,PASS AFTER REMEDIATION,UAT-DEF-01,UAT Team (real persona sessions),2026-08-31,
IA-UAT-ADM-004,Audit Administration,Administrator is not the Head of Internal Audit,Prevent administrative rights being read as audit authority,Audit System Administrator (audit.admin),Signed in as Audit Administrator,-,Direct navigation to plan approval,1. Enter the plan approval address directly. 2. Observe the outcome.,Access is refused or the approval controls are unavailable,Denied,No,-,Administration must never confer approval authority,Screenshot of refusal,Failed in first pass; retested after Remediation Wave 1 and now meets the expected result.,PASS AFTER REMEDIATION,UAT-DEF-01,UAT Team (real persona sessions),2026-08-31,
IA-UAT-UNV-001,Audit Universe,Audit universe hierarchy,"Confirm the universe supports organisation, department, function and process levels",Audit System Administrator (audit.admin),Universe seeded,UAT universe entity,Internal Audit > Audit Universe,1. Open the Audit Universe. 2. Inspect the hierarchy levels. 3. Open one auditable entity.,Hierarchy is coherent and functions are not confused with processes,Read-only pass,No,-,-,Screenshot of the universe,Observed result matched the expected result.,PASS,,UAT Team (real persona sessions),2026-08-31,
IA-UAT-UNV-002,Audit Universe,Universe entity used in planning,Confirm auditable entities can be selected when planning,Lead Auditor (audit.lead),Universe entities active,UAT entity,Internal Audit > Audit Plans > add engagement,1. Start adding an engagement to a plan. 2. Select an auditable entity.,The entity list is available and selection is retained,Draft,No,Same user,-,Screenshot,Observed result matched the expected result.,PASS,,UAT Team (real persona sessions),2026-08-31,
IA-UAT-UNV-003,Audit Universe,Inactive entity handling,Confirm inactive entities cannot be selected for new work,Audit System Administrator (audit.admin),One inactive entity,Inactive entity,Internal Audit > Audit Universe,1. Mark or identify an inactive entity. 2. Attempt to use it when planning.,Inactive entities do not appear as planning candidates,Denied,No,-,-,Screenshot,Failed in first pass; retested after Remediation Wave 1 and now meets the expected result.,PASS AFTER REMEDIATION,UAT-DEF-01,UAT Team (real persona sessions),2026-08-31,
IA-UAT-RSK-001,Risk Assessment,Risk register entries,Confirm risks can be recorded against departments and functions,Lead Auditor (audit.lead),Departments exist,UAT risk,Internal Audit > Risk Register,"1. Open the Risk Register. 2. Create a risk with description, category, owner and department.",Risk is saved and appears in the register,Saved,No,Same user,-,Screenshot with the risk reference,Observed result matched the expected result.,PASS,,UAT Team (real persona sessions),2026-08-31,
IA-UAT-RSK-002,Risk Assessment,Risk scoring and band,Confirm the configured methodology produces a score and band,Lead Auditor (audit.lead),Scoring configuration active,UAT risk,Internal Audit > Risk Assessment,1. Open Risk Assessment. 2. Score impact and likelihood using the configured scale. 3. Save.,"Score and risk band are produced by the configured methodology, not typed by hand",Saved,No,Same user,-,Screenshot showing score and band,Observed result matched the expected result.,PASS,,UAT Team (real persona sessions),2026-08-31,
IA-UAT-RSK-003,Risk Assessment,Residual risk and control consideration,Confirm control strength is considered where implemented,Lead Auditor (audit.lead),Risk scored,UAT risk,Internal Audit > Risk Assessment,1. Record control effectiveness. 2. Review the residual or composite result.,Residual result reflects the configured methodology,Saved,No,Same user,-,Screenshot,Observed result matched the expected result.,PASS,,UAT Team (real persona sessions),2026-08-31,
IA-UAT-RSK-004,Risk Assessment,Risk-based audit priority,Confirm risk rating drives audit priority and candidate generation,Head of Internal Audit (audit.hia),Risk assessments complete,UAT risks,Internal Audit > Audit Plans > generate candidates,1. Generate plan candidates. 2. Compare the ordering with the risk bands.,High risk entities are prioritised for audit,Draft,No,Same user,-,Screenshot of candidates,Observed result matched the expected result.,PASS,,UAT Team (real persona sessions),2026-08-31,
IA-UAT-PLN-001,Annual Audit Plan,Create the UAT annual plan,Confirm an annual plan can be created for a fiscal year,Head of Internal Audit (audit.hia),No plan exists for the UAT year,UAT-IA-2030-01,Internal Audit > Audit Plans > New,"1. Create a plan for the UAT fiscal year. 2. Enter title, objective, scope and methodology. 3. Save as draft.",Plan is created in Draft with the UAT reference,Draft,No,Lead Auditor,Only planning roles may create plans,Screenshot of the draft plan,Observed result matched the expected result.,PASS,,UAT Team (real persona sessions),2026-08-31,
IA-UAT-PLN-002,Annual Audit Plan,Add engagements to the plan,Confirm the plan can carry the UAT portfolio,Lead Auditor (audit.lead),Draft plan exists,"8-10 UAT engagements across Benefits, Compliance and Finance",Audit Plans > open plan > Engagements,1. Add engagements for the three departments with objectives and audit types. 2. Save.,All UAT engagements are listed against the plan,Draft,No,Same user,-,Screenshot of the engagement list,Observed result matched the expected result.,PASS,,UAT Team (real persona sessions),2026-08-31,
IA-UAT-PLN-003,Annual Audit Plan,Planned quarter and effort,Confirm scheduling and effort can be planned,Lead Auditor (audit.lead),Engagements added,"Quarter, planned days",Audit Plans > engagement row,1. Set planned quarter and planned days/hours for each engagement. 2. Save.,Planned quarter and effort are stored and totalled,Draft,No,Same user,-,Screenshot of totals,Observed result matched the expected result.,PASS,,UAT Team (real persona sessions),2026-08-31,
IA-UAT-PLN-004,Annual Audit Plan,Lead and reviewer assignment,Confirm resourcing is captured,Lead Auditor (audit.lead),Auditors registered,Lead and reviewer,Audit Plans > engagement row,1. Assign a Lead Auditor and a reviewer per engagement. 2. Save.,Assignments are stored and visible in the plan,Draft,No,Assigned auditors,Reviewer must differ from the Lead,Screenshot,Observed result matched the expected result.,PASS,,UAT Team (real persona sessions),2026-08-31,
IA-UAT-PLN-005,Annual Audit Plan,Capacity check,Confirm the plan warns when capacity is exceeded,Head of Internal Audit (audit.hia),Effort planned,Planned vs available hours,Internal Audit > Workload & Capacity,1. Review planned hours against available capacity.,Over-allocation is visible to the planner,Draft,No,Same user,-,Screenshot of capacity view,Observed result matched the expected result.,PASS,,UAT Team (real persona sessions),2026-08-31,
IA-UAT-PLN-006,Annual Audit Plan,Submit the plan for approval,Confirm the plan enters the approval queue,Lead Auditor (audit.lead),Plan complete in Draft,UAT-IA-2030-01,Audit Plans > Submit,1. Submit the plan for approval. 2. Confirm.,Plan status becomes Submitted and appears in the approval queue,Submitted,Yes - Head of Internal Audit,Head of Internal Audit,Preparer cannot approve,Screenshot and notification evidence,Observed result matched the expected result.,PASS,,UAT Team (real persona sessions),2026-08-31,
IA-UAT-PLN-007,Annual Audit Plan,Reject the plan with reason,Confirm rejection returns the plan for revision,Head of Internal Audit (audit.hia),Plan submitted,Rejection reason,Internal Audit > Plan Approval,1. Open the submitted plan. 2. Reject with a reason.,Plan returns to the preparer with the reason recorded,Rejected,Yes - Lead Auditor,Lead Auditor,Reason must be mandatory,Screenshot,Observed result matched the expected result.,PASS,,UAT Team (real persona sessions),2026-08-31,
IA-UAT-PLN-008,Annual Audit Plan,Revise and resubmit,Confirm the revision loop works and versions increment,Lead Auditor (audit.lead),Plan rejected,Revised plan,Audit Plans > open plan,1. Amend the plan. 2. Resubmit.,Plan returns to Submitted and the version number increases,Submitted,Yes - Head of Internal Audit,Head of Internal Audit,-,Screenshot of version history,Observed result matched the expected result.,PASS,,UAT Team (real persona sessions),2026-08-31,
IA-UAT-PLN-009,Annual Audit Plan,Approve the annual plan,Confirm approval by the Head of Internal Audit,Head of Internal Audit (audit.hia),Plan submitted,UAT-IA-2030-01,Internal Audit > Plan Approval,1. Open the plan. 2. Approve with comments.,Plan becomes Approved with approver and date recorded and the version history is retained,Approved,Yes - Lead Auditor and audit team,Lead Auditor,Only the Head of Internal Audit may approve,Screenshot of approved plan,Observed result matched the expected result.,PASS,,UAT Team (real persona sessions),2026-08-31,
IA-UAT-SCH-001,Audit Scheduling & Intimation,Schedule a planned engagement,Confirm an approved engagement can be scheduled,Lead Auditor (audit.lead),Plan approved,ENG-UAT-2030-001,Internal Audit > Audits > engagement,"1. Open the engagement. 2. Enter planned start and end dates, scope and auditee contact. 3. Schedule.",Engagement status becomes Scheduled with a schedule version,Scheduled,Yes - auditee department,Auditee management,Only the Lead may schedule,Screenshot with dates,Observed result matched the expected result.,PASS,,UAT Team (real persona sessions),2026-08-31,
IA-UAT-SCH-002,Audit Scheduling & Intimation,Formal intimation to the auditee,Confirm the auditee is formally informed,Lead Auditor (audit.lead),Engagement scheduled,"Benefits, Compliance and Finance engagements",Audits > engagement > Communications,1. Confirm intimation is issued. 2. Sign in as the auditee and open the notification.,Auditee receives an intimation carrying the correct dates and scope and can open the engagement workspace,Scheduled,Yes - Email and in-app,Auditee management,Only the audited department is informed,Notification screenshot for each department,Observed result matched the expected result.,PASS,,UAT Team (real persona sessions),2026-08-31,
IA-UAT-SCH-003,Audit Scheduling & Intimation,Reschedule and cancel controls,Confirm date changes are controlled,Lead Auditor (audit.lead),Engagement scheduled,Reschedule reason,Audits > engagement > Reschedule,1. Attempt to reschedule without a reason. 2. Reschedule with a reason. 3. Cancel a different engagement with a reason.,Reschedule without a reason is refused; with a reason the change and its history are recorded and the auditee is re-notified,Rescheduled,Yes - auditee,Auditee management,Reason is mandatory,Screenshots of both attempts,Observed result matched the expected result.,PASS,,UAT Team (real persona sessions),2026-08-31,
IA-UAT-PRP-001,Audit Preparation,Preparation checklist and entrance meeting,Confirm preparation can be completed,Lead Auditor (audit.lead),Engagement scheduled,"Scope, objectives, period, team",Audits > engagement > Preparation,"1. Complete scope, objectives, audit period and team. 2. Record the entrance meeting. 3. Mark preparation complete.",Preparation is recorded and the engagement can advance,In Preparation to Fieldwork,Yes - audit team and auditee,Audit team,-,Screenshot of preparation tab,Observed result matched the expected result.,PASS,,UAT Team (real persona sessions),2026-08-31,
IA-UAT-PRP-002,Audit Preparation,Incomplete preparation blocks progress,Confirm the lifecycle gate works,Lead Auditor (audit.lead),Preparation incomplete,-,Audits > engagement,1. Attempt to advance to fieldwork with preparation incomplete.,Progression is refused and the outstanding items are listed,Denied,No,Same user,-,Screenshot of the block message,Observed result matched the expected result.,PASS,,UAT Team (real persona sessions),2026-08-31,
IA-UAT-INF-001,Information Requests,Raise an information request,Confirm the auditor can request information with a due date,Audit Team Member 1 (audit.auditor1),Engagement in preparation or fieldwork,UAT information request,Audits > engagement > Information Requests,1. Create a request describing the information required. 2. Set a due date. 3. Issue it.,Request is issued and visible to the auditee,Issued,Yes - auditee,Auditee management,Only the audited department receives it,Screenshot with request reference,Observed result matched the expected result.,PASS,,UAT Team (real persona sessions),2026-08-31,
IA-UAT-INF-002,Information Requests,Auditee supplies information,Confirm the auditee can respond with attachments,Benefits Management / Auditee (audit.mgmt.benefits),Request issued,Attachment,Management workspace > Information Requests,1. Open the request. 2. Upload the information and submit.,Submission is recorded and the auditor is informed,Submitted,Yes - requesting auditor,Requesting auditor,Auditee sees only its own requests,Screenshot,Observed result matched the expected result.,PASS,,UAT Team (real persona sessions),2026-08-31,
IA-UAT-INF-003,Information Requests,Auditor requests clarification,Confirm the clarification loop,Audit Team Member 1 (audit.auditor1),Information submitted,Clarification note,Audits > engagement > Information Requests,1. Review the submission. 2. Request clarification with a note.,Request returns to the auditee with the clarification note,Clarification Requested,Yes - auditee,Auditee management,-,Screenshot,Observed result matched the expected result.,PASS,,UAT Team (real persona sessions),2026-08-31,
IA-UAT-INF-004,Information Requests,Request fulfilled and reminders stop,Confirm terminal state stops chasing,Audit Team Member 1 (audit.auditor1),Clarification supplied,-,Audits > engagement > Information Requests,1. Accept the clarification and mark the request fulfilled. 2. Review reminders afterwards.,Request is Fulfilled and no further due or overdue reminders are produced,Fulfilled,No further reminders,-,-,Screenshot and reminder history,Observed result matched the expected result.,PASS,,UAT Team (real persona sessions),2026-08-31,
IA-UAT-QRY-001,Auditor / Auditee Query Cycle,Auditor query and management reply,Confirm the query cycle is a two-way business conversation,Audit Team Member 1 (audit.auditor1),Fieldwork in progress,UAT query,Audits > engagement > Queries,1. Raise a query to the auditee. 2. Sign in as management and reply. 3. Return as auditor and read the reply.,"The reply is presented as a management response, not as a reminder",Answered,Yes - both directions,Auditor then management,Only the audited department participates,Screenshot of the thread,Observed result matched the expected result.,PASS,,UAT Team (real persona sessions),2026-08-31,
IA-UAT-QRY-002,Auditor / Auditee Query Cycle,Query resolution and history,Confirm the conversation history is retained,Audit Team Member 1 (audit.auditor1),Query answered,-,Audits > engagement > Queries,1. Request further clarification. 2. Receive the second reply. 3. Resolve the query.,Full chronological history with author and date is retained,Resolved,No,-,-,Screenshot of history,Observed result matched the expected result.,PASS,,UAT Team (real persona sessions),2026-08-31,
IA-UAT-RCM-001,RCM / Audit Programme,Build the risk and control matrix,"Confirm process, risk and control can be captured",Audit Team Member 1 (audit.auditor1),Engagement in preparation,UAT process/risk/control,Audits > engagement > Programme / RCM,1. Add a process. 2. Add a risk to the process. 3. Add a control to the risk.,The matrix is built and linked correctly,Draft,No,Same user,-,Screenshot of the matrix,Observed result matched the expected result.,PASS,,UAT Team (real persona sessions),2026-08-31,
IA-UAT-RCM-002,RCM / Audit Programme,Audit objectives and procedures,Confirm the audit programme is derived from the matrix,Audit Team Member 1 (audit.auditor1),Matrix built,UAT procedure,Audits > engagement > Programme,1. Add an audit objective. 2. Add procedures with expected evidence. 3. Assign an auditor and reviewer.,"Procedures carry owner, reviewer and expected evidence",Draft,Yes - assigned auditor,Assigned auditor,Performer and reviewer must differ,Screenshot,Observed result matched the expected result.,PASS,,UAT Team (real persona sessions),2026-08-31,
IA-UAT-RCM-003,RCM / Audit Programme,Transition to fieldwork,Confirm the programme gate,Lead Auditor (audit.lead),Programme complete,-,Audits > engagement,1. Advance the engagement to fieldwork.,Fieldwork is opened only when the programme is complete,Fieldwork,Yes - audit team,Audit team,-,Screenshot,Observed result matched the expected result.,PASS,,UAT Team (real persona sessions),2026-08-31,
IA-UAT-FLD-001,Fieldwork & Control Testing,Assigned work is visible,Confirm the team member sees their own assignments,Audit Team Member 2 (audit.auditor2),Procedures assigned,-,Action Centre > My Work,1. Sign in as Audit Team Member 2. 2. Open assigned work.,Only assignments for this auditor are listed,Read-only pass,No,-,No other auditor's work is shown,Screenshot,Observed result matched the expected result.,PASS,,UAT Team (real persona sessions),2026-08-31,
IA-UAT-FLD-002,Fieldwork & Control Testing,Record an effective control test,Confirm a satisfactory test result can be recorded,Audit Team Member 1 (audit.auditor1),Procedure assigned,Effective result,Audits > engagement > Control Testing,"1. Open the procedure. 2. Record sample, work performed and an effective conclusion. 3. Save.",Result and conclusion are recorded with performer and date,Completed,No,Reviewer,-,Screenshot,Observed result matched the expected result.,PASS,,UAT Team (real persona sessions),2026-08-31,
IA-UAT-FLD-003,Fieldwork & Control Testing,Record an ineffective control with exception,Confirm exceptions flow to findings,Audit Team Member 1 (audit.auditor1),Procedure assigned,Ineffective result,Audits > engagement > Control Testing,1. Record an ineffective conclusion with an exception description. 2. Save.,Exception is recorded and can be raised as a finding,Completed with exception,No,Lead Auditor,-,Screenshot,Observed result matched the expected result.,PASS,,UAT Team (real persona sessions),2026-08-31,
IA-UAT-FLD-004,Fieldwork & Control Testing,Fieldwork progress reflects work done,Confirm progress reporting is truthful,Lead Auditor (audit.lead),Some tests complete,-,Audits > engagement > Overview,1. Review the fieldwork progress indicator against completed procedures.,Progress corresponds to completed procedures,Fieldwork,No,-,-,Screenshot,Observed result matched the expected result.,PASS,,UAT Team (real persona sessions),2026-08-31,
IA-UAT-EVD-001,Evidence & Working Papers,Attach evidence and create a working paper,Confirm the evidence chain,Audit Team Member 1 (audit.auditor1),Test recorded,UAT evidence file,Audits > engagement > Evidence,1. Upload evidence with a description and date. 2. Link it to the test and to a working paper.,"Evidence is stored with uploader, date, description and links",Saved,No,Reviewer,Evidence is visible to the audit team only,Screenshot of the evidence record,Observed result matched the expected result.,PASS,,UAT Team (real persona sessions),2026-08-31,
IA-UAT-EVD-002,Evidence & Working Papers,Evidence is mandatory where required,Confirm the negative case,Audit Team Member 1 (audit.auditor1),Procedure requiring evidence,-,Audits > engagement > Control Testing,1. Attempt to conclude a procedure that requires evidence without attaching any. 2. Attempt to attach evidence belonging to another engagement.,Both attempts are refused with a clear business message,Denied,No,-,Cross-engagement evidence must be refused,Screenshots of both refusals,Observed result matched the expected result.,PASS,,UAT Team (real persona sessions),2026-08-31,
IA-UAT-FND-001,Findings,Raise a finding,Confirm a complete finding can be recorded,Audit Team Member 1 (audit.auditor1),Exception recorded,UAT finding,Audits > engagement > Findings,"1. Create a finding with condition, criteria, cause, effect and recommendation. 2. Set severity. 3. Save.",Finding is saved in draft with a reference,Draft,No,Lead Auditor,Auditee cannot see draft findings,Screenshot with finding reference,Observed result matched the expected result.,PASS,,UAT Team (real persona sessions),2026-08-31,
IA-UAT-FND-002,Findings,Lead review and release,Confirm findings are reviewed before release,Lead Auditor (audit.lead),Draft finding,-,Audits > engagement > Findings,1. Review the draft finding. 2. Release it for management response with a response due date.,Finding becomes released and a response is requested,Released,Yes - auditee management,Auditee management,Only the audit team may release,Screenshot,Observed result matched the expected result.,PASS,,UAT Team (real persona sessions),2026-08-31,
IA-UAT-FND-003,Findings,Severity change requires a rationale,Confirm the mandatory reason,Lead Auditor (audit.lead),Released finding,New severity,Findings > open finding,1. Change severity without a reason. 2. Change severity with a rationale.,The first attempt is refused; the second is applied and the previous severity is retained in history with actor and date,Amended,Yes - auditee,Auditee management,Reason mandatory,Screenshots of refusal and history,Observed result matched the expected result.,PASS,,UAT Team (real persona sessions),2026-08-31,
IA-UAT-FND-004,Findings,Critical and high findings are prominent,Confirm severity visibility,Head of Internal Audit (audit.hia),Findings exist,-,Registers > Findings,1. Filter for high and critical findings.,High and critical findings are clearly identified and countable,Read-only pass,No,-,-,Screenshot,Observed result matched the expected result.,PASS,,UAT Team (real persona sessions),2026-08-31,
IA-UAT-FND-005,Findings,Clean audit has no findings,Confirm UAT-A,Lead Auditor (audit.lead),Clean engagement completed,ENG-UAT clean,Audits > engagement > Findings,1. Complete the engagement with no exceptions. 2. Review the findings tab.,No findings exist and the engagement can still progress to reporting,Fieldwork complete,No,Quality Reviewer,-,Screenshot,Observed result matched the expected result.,PASS,,UAT Team (real persona sessions),2026-08-31,
IA-UAT-MRS-001,Management Response,Management sees the released finding,Confirm the auditee receives the finding,Benefits Management / Auditee (audit.mgmt.benefits),Finding released,-,Management workspace > Findings,1. Sign in as Benefits Management. 2. Open the finding.,Finding and response due date are visible,Response Requested,Yes,Auditee management,Only the audited department sees it,Screenshot,Observed result matched the expected result.,PASS,,UAT Team (real persona sessions),2026-08-31,
IA-UAT-MRS-002,Management Response,Submit an accepted response,Confirm the ordinary response path,Benefits Management / Auditee (audit.mgmt.benefits),Finding released,Accepted response,Management workspace > Findings > Respond,1. Record acceptance with an action commitment and target date. 2. Submit.,Response is recorded and the audit team is informed,Submitted,Yes - audit team,Lead Auditor,-,Screenshot,Observed result matched the expected result.,PASS,,UAT Team (real persona sessions),2026-08-31,
IA-UAT-MRS-003,Management Response,Return a response for clarification,Confirm the returned-response loop (UAT-C),Lead Auditor (audit.lead),Response submitted,Return reason,Audits > engagement > Responses,1. Return the response with a reason. 2. Sign in as management and resubmit.,"Return requires a reason, management is informed and the resubmission is versioned",Returned then Resubmitted,Yes - both directions,Auditee then audit team,Reason mandatory,Screenshots of both steps,Observed result matched the expected result.,PASS,,UAT Team (real persona sessions),2026-08-31,
IA-UAT-MRS-004,Management Response,Accept the response,Confirm acceptance closes the response step,Lead Auditor (audit.lead),Response resubmitted,-,Audits > engagement > Responses,1. Accept the response.,"Response is accepted, history retained and corrective actions can be raised",Accepted,Yes - auditee,Auditee management,-,Screenshot,Observed result matched the expected result.,PASS,,UAT Team (real persona sessions),2026-08-31,
IA-UAT-MRS-005,Management Response,Management disagreement retained (UAT-D),Confirm disagreement handling,Compliance Management / Auditee (audit.mgmt.compliance),Finding released to Compliance,Disagreement rationale,Management workspace > Findings > Respond,"1. Disagree with the finding and supply a rationale. 2. As audit, retain the finding with the disagreement recorded and escalate.","Rationale is mandatory, both positions are retained and the disposition Retained with Disagreement is available",Retained with Disagreement,Yes - both directions,Head of Internal Audit,Management cannot delete or amend the finding,Screenshot of both positions,Observed result matched the expected result.,PASS,,UAT Team (real persona sessions),2026-08-31,
IA-UAT-ACT-001,Corrective Actions,Create a corrective action from a recommendation,Confirm traceability from the finding,Lead Auditor (audit.lead),Response accepted,UAT action,Audits > engagement > Actions,"1. Create an action from the recommendation. 2. Set owner, department and target date. 3. Save.",Action is created and linked to the finding and recommendation,Open,Yes - action owner,Action owner,-,Screenshot with action reference,Observed result matched the expected result.,PASS,,UAT Team (real persona sessions),2026-08-31,
IA-UAT-ACT-002,Corrective Actions,Owner receives the assignment,Confirm the owner is informed,Benefits Management / Auditee (audit.mgmt.benefits),Action created,-,Management workspace > Actions,1. Sign in as the owner. 2. Open the assignment notification and the action.,The assignment reaches the correct owner with a working link,Open,Yes - Email and in-app,Action owner,Other departments are not informed,Screenshot,Observed result matched the expected result.,PASS,,UAT Team (real persona sessions),2026-08-31,
IA-UAT-ACT-003,Corrective Actions,Progress update,Confirm progress can be reported,Benefits Management / Auditee (audit.mgmt.benefits),Action open,Progress note,Management workspace > Actions,1. Record progress with a note and percentage. 2. Save.,Progress and history are recorded,In Progress,No,-,-,Screenshot,Observed result matched the expected result.,PASS,,UAT Team (real persona sessions),2026-08-31,
IA-UAT-ACT-004,Corrective Actions,Extension requires a reason,Confirm the extension control,Benefits Management / Auditee (audit.mgmt.benefits),Action open,Extension request,Management workspace > Actions > Extend,1. Request an extension with no reason. 2. Request an extension with a valid reason and new date.,The first is refused; the second is submitted for independent approval,Extension Requested,Yes - approver,Approver,Owner cannot approve their own extension,Screenshots of both attempts,Observed result matched the expected result.,PASS,,UAT Team (real persona sessions),2026-08-31,
IA-UAT-ACT-005,Corrective Actions,Extension approval keeps history,Confirm dates are auditable,Lead Auditor (audit.lead),Extension requested,-,Audits > engagement > Actions,1. Approve the extension.,"Original target date is retained historically, the current date changes and the reason is kept",Extended,Yes - owner,Action owner,Independent approver required,Screenshot showing both dates,Observed result matched the expected result.,PASS,,UAT Team (real persona sessions),2026-08-31,
IA-UAT-ACT-006,Corrective Actions,Overdue action and escalation (UAT-E),Confirm chasing works,Finance Management / Auditee (audit.mgmt.finance),Action past due,Overdue action,Action Centre > Overdue,1. Review the overdue action. 2. Confirm reminder and escalation records.,"Action shows overdue, the owner is reminded and escalation reaches the audit lead",Overdue,Yes - owner then escalation,Action owner then Lead Auditor,-,Screenshot and communication history,Observed result matched the expected result.,PASS,,UAT Team (real persona sessions),2026-08-31,
IA-UAT-ACT-007,Corrective Actions,Management cannot verify its own action,Mandatory segregation of duties,Benefits Management / Auditee (audit.mgmt.benefits),Action completed by management,-,Management workspace > Actions,1. Submit completion with evidence. 2. Attempt to verify the action.,"Completion is accepted, self-verification is refused",Denied,No,Audit verifier,Self-verification forbidden,Screenshot of refusal,Observed result matched the expected result.,PASS,,UAT Team (real persona sessions),2026-08-31,
IA-UAT-ACT-008,Corrective Actions,Independent verification and closure,Confirm the audit team closes actions,Audit Team Member 1 (audit.auditor1),Completion submitted,Verification note,Audits > engagement > Actions,1. Review the evidence. 2. Reject once with a reason and let management resubmit. 3. Verify and close.,Rejection and resubmission are recorded and closure is only performed by the audit team,Closed,Yes - owner,Action owner,Only audit may close,Screenshots of rejection and closure,Observed result matched the expected result.,PASS,,UAT Team (real persona sessions),2026-08-31,
IA-UAT-REM-001,Reminders & Escalations,Due soon and due today reminders,Confirm timely chasing,Finance Management / Auditee (audit.mgmt.finance),Action due shortly,-,Management workspace and email,1. Review reminders for an action due soon and due today.,Correct recipient is reminded at the configured points and duplicates are not sent,Open,Yes - owner,Action owner,Reminders go only to the responsible department,Reminder history screenshot,Observed result matched the expected result.,PASS,,UAT Team (real persona sessions),2026-08-31,
IA-UAT-REM-002,Reminders & Escalations,Escalation recipients,Confirm escalation routing,Head of Internal Audit (audit.hia),Action overdue beyond threshold,-,Action Centre > Escalations,1. Review escalation records for an overdue action.,"Escalation reaches department head, Lead Auditor and the Head of Internal Audit in the configured order",Escalated,Yes,Head of Internal Audit,-,Screenshot,Observed result matched the expected result.,PASS,,UAT Team (real persona sessions),2026-08-31,
IA-UAT-QAR-001,Quality Review,Quality review assignment is visible,Confirm the reviewer can reach the engagement,Quality Reviewer (audit.qa),Engagement ready for review,-,Quality Review workspace,"1. Sign in as the Quality Reviewer. 2. Open the assigned engagement, evidence and draft report.",The assigned engagement opens and its evidence and report are readable,Under QA,Yes,Quality Reviewer,Reviewer must not be the engagement Lead,Screenshot,Observed result matched the expected result.,PASS,,UAT Team (real persona sessions),2026-08-31,
IA-UAT-QAR-002,Quality Review,Request rework (UAT-H),Confirm rework loop,Quality Reviewer (audit.qa),Engagement under review,Rework reason,Quality Review > engagement,"1. Complete the checklist. 2. Request rework with a reason. 3. As the Lead, revise and resubmit. 4. Re-review and clear.","Rework requires a reason, revision is recorded and the final review clears the engagement",QA Satisfactory,Yes - Lead Auditor,Lead Auditor,-,Screenshots of rework and clearance,Observed result matched the expected result.,PASS,,UAT Team (real persona sessions),2026-08-31,
IA-UAT-QAR-003,Quality Review,Reviewer cannot perform audit work,Segregation of duties,Quality Reviewer (audit.qa),Engagement under review,-,Quality Review > engagement tabs,"1. Attempt to edit the programme, record fieldwork, alter a management response and issue the report.",All four attempts are refused,Denied,No,-,QA is review-only,Screenshots of refusals,Observed result matched the expected result.,PASS,,UAT Team (real persona sessions),2026-08-31,
IA-UAT-RPT-001,Draft & Final Report,Draft report content reconciles,Confirm the report reflects the audit record,Lead Auditor (audit.lead),Findings and responses complete,-,Audits > engagement > Report,"1. Generate the draft report. 2. Compare findings, responses and actions with the engagement tabs.",The draft matches current audit records with no placeholder content,Draft Report,No,Quality Reviewer,-,Screenshot of draft report,Observed result matched the expected result.,PASS,,UAT Team (real persona sessions),2026-08-31,
IA-UAT-RPT-002,Draft & Final Report,Issuance is blocked before quality clearance,Confirm the gate,Lead Auditor (audit.lead),QA outstanding,-,Audits > engagement > Report,1. Attempt to issue the final report while quality review is outstanding.,Issuance is refused with a clear reason,Denied,No,Quality Reviewer,-,Screenshot,Observed result matched the expected result.,PASS,,UAT Team (real persona sessions),2026-08-31,
IA-UAT-RPT-003,Draft & Final Report,Issue the final report,Confirm formal issuance and distribution,Lead Auditor (audit.lead),QA satisfactory,Final report,Audits > engagement > Report > Issue,1. Issue the final report to the auditee and the Head of Internal Audit.,"Report is issued with version, issued date, issuer and recipients; the communicated version matches the issued version",Issued,Yes - auditee and Head of Internal Audit,Auditee management,Only the audited department receives it,Screenshot and communication history,Failed in first pass; retested after Remediation Wave 1 and now meets the expected result.,PASS AFTER REMEDIATION,UAT-DEF-04,UAT Team (real persona sessions),2026-08-31,
IA-UAT-CLS-001,Audit Closure,Closure blocked with outstanding actions,Mandatory negative,Head of Internal Audit (audit.hia),"Report issued, actions open",-,Audits > engagement > Closure,1. Attempt ordinary closure while corrective actions remain open.,Closure as Closed is refused and the blocking items are listed,Denied,No,-,-,Screenshot of blockers,Observed result matched the expected result.,PASS,,UAT Team (real persona sessions),2026-08-31,
IA-UAT-CLS-002,Audit Closure,Closed - Actions Pending,Confirm the alternative disposition,Head of Internal Audit (audit.hia),"Report issued, actions open",-,Audits > engagement > Closure,1. Close the engagement as Closed - Actions Pending.,Engagement closes with the pending disposition recorded,Closed - Actions Pending,Yes - auditee and team,Action owners,-,Screenshot,Observed result matched the expected result.,PASS,,UAT Team (real persona sessions),2026-08-31,
IA-UAT-CLS-003,Audit Closure,Ordinary closure of the clean audit (UAT-A),Confirm clean closure,Head of Internal Audit (audit.hia),"Clean engagement, report issued, QA cleared",-,Audits > engagement > Closure,1. Close the engagement.,"Engagement is Closed with closure date, closer and summary",Closed,Yes,Head of Internal Audit,-,Screenshot,Observed result matched the expected result.,PASS,,UAT Team (real persona sessions),2026-08-31,
IA-UAT-FUP-001,Follow-Up,Post-closure obligations remain live,Confirm closure does not erase obligations,Benefits Management / Auditee (audit.mgmt.benefits),Engagement closed with actions pending,-,Management workspace > Actions,"1. After closure, open the outstanding action. 2. Update it and submit completion evidence.",The action remains active and can be progressed and verified after closure,Open after closure,Yes,Action owner then audit verifier,-,Screenshot,Observed result matched the expected result.,PASS,,UAT Team (real persona sessions),2026-08-31,
IA-UAT-FUP-002,Follow-Up,Follow-up review and outcome,Confirm independent follow-up,Audit Team Member 2 (audit.auditor2),Action completed,Follow-up record,Internal Audit > Follow-Up Tracker,1. Schedule a follow-up with owner and due date. 2. Record the outcome as Implemented. 3. Close the follow-up.,Follow-up is completed and no further reminders are produced,Implemented,Yes - owner,-,"Follow-up is performed by audit, not management",Screenshot,Observed result matched the expected result.,PASS,,UAT Team (real persona sessions),2026-08-31,
IA-UAT-CFW-001,Carry-Forward,Carry an unfinished audit forward (UAT-I),Confirm cross-year continuity,Head of Internal Audit (audit.hia),Engagement unfinished at year end,Next fiscal year plan,Annual Plan > Closeout > disposition,1. Mark the unfinished engagement as Carried Forward with a reason. 2. Open the next-year plan.,A successor engagement exists in the following year with visible lineage to the source year and engagement,Carried Forward,Yes - Lead Auditor,Lead Auditor,-,Screenshot of lineage,Observed result matched the expected result.,PASS,,UAT Team (real persona sessions),2026-08-31,
IA-UAT-CFW-002,Carry-Forward,Carry-forward is not follow-up,Confirm the two concepts are distinct,Head of Internal Audit (audit.hia),Carry-forward and follow-up both exist,-,Follow-Up Tracker and Plan Closeout,1. Compare the carried-forward engagement with corrective action follow-ups.,The two are presented separately and are not conflated,Read-only pass,No,-,-,Screenshot,Observed result matched the expected result.,PASS,,UAT Team (real persona sessions),2026-08-31,
IA-UAT-PCL-001,Annual Plan Closeout,Plan closure precheck,Confirm the closure gate,Head of Internal Audit (audit.hia),One engagement unfinished,-,Annual Plan > Closeout,1. Attempt to close the annual plan while an engagement has no terminal disposition.,Closure is refused and the outstanding engagement is named,Denied,No,-,-,Screenshot,Observed result matched the expected result.,PASS,,UAT Team (real persona sessions),2026-08-31,
IA-UAT-PCL-002,Annual Plan Closeout,Close the annual plan,Confirm formal plan closure,Head of Internal Audit (audit.hia),All engagements dispositioned,-,Annual Plan > Closeout,1. Apply dispositions to all engagements. 2. Close the plan.,"Plan is closed with summary, closer and date, and the history is immutable",Closed,Yes - audit team,-,Only the Head of Internal Audit may close,Screenshot of closure summary,Observed result matched the expected result.,PASS,,UAT Team (real persona sessions),2026-08-31,
IA-UAT-ACC-001,Action Centre,Action Centre queues for the audit team,Confirm the work queue is accurate,Lead Auditor (audit.lead),Portfolio active,-,Internal Audit > Action Centre,1. Review each tab and its count. 2. Drill into one record from each tab.,Counts match the listed records and drill-down opens the right record,Read-only pass,No,-,-,Screenshot of each tab,Observed result matched the expected result.,PASS,,UAT Team (real persona sessions),2026-08-31,
IA-UAT-ACC-002,Action Centre,Action Centre for management,Confirm the auditee sees only its obligations,Compliance Management / Auditee (audit.mgmt.compliance),Compliance obligations exist,-,Management workspace > Action Centre,1. Review the queues as Compliance Management.,Only Compliance obligations are listed,Read-only pass,No,-,No Benefits or Finance records,Screenshot,Observed result matched the expected result.,PASS,,UAT Team (real persona sessions),2026-08-31,
IA-UAT-REG-001,Registers,Audit and finding registers,Confirm the registers are complete,Head of Internal Audit (audit.hia),Portfolio active,-,Internal Audit > Registers,1. Open the audit register and the finding register. 2. Apply filters and drill down.,"Registers list the current portfolio, filters work and drill-down opens the record",Read-only pass,No,-,-,Screenshots,Failed in first pass; retested after Remediation Wave 1 and now meets the expected result.,PASS AFTER REMEDIATION,UAT-DEF-04,UAT Team (real persona sessions),2026-08-31,
IA-UAT-REG-002,Registers,"Action, follow-up and carry-forward registers",Confirm the remaining registers,Head of Internal Audit (audit.hia),Actions and follow-ups exist,-,Internal Audit > Registers,"1. Open the action, follow-up and carry-forward registers. 2. Check counts against the source screens.",Counts reconcile with the source screens,Read-only pass,No,-,-,Screenshots,Observed result matched the expected result.,PASS,,UAT Team (real persona sessions),2026-08-31,
IA-UAT-EXP-001,Exports,Export a register,Confirm exports reconcile,Head of Internal Audit (audit.hia),Register loaded,-,Registers > Export,1. Note the on-screen record count. 2. Export to CSV and to Excel.,Exported row count equals the on-screen count,Read-only pass,No,-,-,Screenshot and exported file,Observed result matched the expected result.,PASS,,UAT Team (real persona sessions),2026-08-31,
IA-UAT-EXP-002,Exports,Filtered export and printable report,Confirm filtered output,Head of Internal Audit (audit.hia),Filter applied,Overdue only filter,Registers and Reports,1. Apply a filter and export. 2. Produce the printable or PDF version of a report.,The filtered export matches the filtered view and the printable output is legible,Read-only pass,No,-,-,Screenshot and file,Observed result matched the expected result.,PASS,,UAT Team (real persona sessions),2026-08-31,
IA-UAT-DSH-001,Dashboard,Head of Internal Audit dashboard,Confirm the dashboard is trustworthy,Head of Internal Audit (audit.hia),Portfolio active,-,Internal Audit > Dashboard,1. Review each indicator. 2. Compare with the corresponding register.,Every indicator reconciles with its source screen,Read-only pass,No,-,-,Screenshot with comparison,Observed result matched the expected result.,PASS,,UAT Team (real persona sessions),2026-08-31,
IA-UAT-DSH-002,Dashboard,Management dashboard view,Confirm the auditee view,Finance Management / Auditee (audit.mgmt.finance),Finance obligations exist,-,Management workspace,1. Review the indicators as Finance Management.,Indicators cover Finance obligations only,Read-only pass,No,-,No other department data,Screenshot,Observed result matched the expected result.,PASS,,UAT Team (real persona sessions),2026-08-31,
IA-UAT-SCH2-001,Search & Filters,Search by business reference,Confirm records can be found by reference,Lead Auditor (audit.lead),Records exist,"Engagement, finding, action references",Global or module search,"1. Search by engagement reference, then finding reference, then action reference.",Each search returns the expected record,Read-only pass,No,-,-,Screenshot,Observed result matched the expected result.,PASS,,UAT Team (real persona sessions),2026-08-31,
IA-UAT-SCH2-002,Search & Filters,Filter combinations,Confirm filters behave,Head of Internal Audit (audit.hia),Portfolio active,"Year, department, severity, status, overdue",Registers,"1. Apply year, department, severity, status and overdue filters in combination.",Results narrow correctly and counts update,Read-only pass,No,-,-,Screenshot,Expected business outcome achieved; usability/messaging expectation not met. Accepted to post-UAT backlog.,FAIL (DEFERRED),UAT-DEF-06,UAT Team (real persona sessions),2026-08-31,
IA-UAT-COM-001,Communication (Email / In-App),Representative live email set,Confirm real delivery for key business events,Lead Auditor (audit.lead),Email pilot active within caps,"Intimation, information request, response requested, action assignment, overdue, final report, follow-up",Communication history and mailbox,"1. Trigger the representative business events across Benefits, Compliance and Finance. 2. Confirm receipt.",Each event produces the expected email to the expected recipient within release caps,Sent,Yes,Respective recipients,No cross-department delivery,Communication log screenshot,Observed result matched the expected result.,PASS,,UAT Team (real persona sessions),2026-08-31,
IA-UAT-COM-002,Communication (Email / In-App),Communication history for the auditor,Confirm the auditor can review the conversation,Lead Auditor (audit.lead),Communications issued,-,Audits > engagement > Communications,"1. Review schedule, request, query, finding, response, action, report and follow-up communications.",A complete business communication history is available,Read-only pass,No,-,-,Screenshot,Observed result matched the expected result.,PASS,,UAT Team (real persona sessions),2026-08-31,
IA-UAT-COM-003,Communication (Email / In-App),No cross-department leakage,Mandatory confidentiality test,Finance Management / Auditee (audit.mgmt.finance),Communications issued to all three departments,-,Management workspace > Communications,1. As Finance Management review the communication list. 2. Repeat as Benefits and Compliance.,Each department sees only its own communications,Read-only pass,No,-,Strict department isolation,Screenshots for all three,Observed result matched the expected result.,PASS,,UAT Team (real persona sessions),2026-08-31,
IA-UAT-SEC-001,Role / Permission / SoD Negatives,Lead cannot approve the plan they prepared,Segregation of duties,Lead Auditor (audit.lead),Plan submitted by the Lead,-,Plan approval screen and direct address,1. Open the plan approval screen from the menu and by direct address. 2. Attempt approval.,Approval is refused,Denied,No,-,Preparer cannot approve,Screenshot,Observed result matched the expected result.,PASS,,UAT Team (real persona sessions),2026-08-31,
IA-UAT-SEC-002,Role / Permission / SoD Negatives,Team member cannot approve a plan,Segregation of duties,Audit Team Member 1 (audit.auditor1),Plan submitted,-,Direct navigation to plan approval,1. Enter the plan approval address directly.,Access is refused,Denied,No,-,-,Screenshot,Observed result matched the expected result.,PASS,,UAT Team (real persona sessions),2026-08-31,
IA-UAT-SEC-003,Role / Permission / SoD Negatives,Lead cannot quality review own engagement,Segregation of duties,Lead Auditor (audit.lead),Engagement led by this user,-,Quality review screen,1. Attempt to record a quality review outcome on the own engagement.,The action is refused,Denied,No,-,-,Screenshot,Observed result matched the expected result.,PASS,,UAT Team (real persona sessions),2026-08-31,
IA-UAT-SEC-004,Role / Permission / SoD Negatives,Quality Reviewer cannot perform fieldwork,Segregation of duties,Quality Reviewer (audit.qa),Engagement in fieldwork,-,Direct navigation to control testing,1. Attempt to record a control test result.,The action is refused,Denied,No,-,-,Screenshot,Observed result matched the expected result.,PASS,,UAT Team (real persona sessions),2026-08-31,
IA-UAT-SEC-005,Role / Permission / SoD Negatives,Quality Reviewer cannot issue the final report,Segregation of duties,Quality Reviewer (audit.qa),QA satisfactory,-,Engagement report tab,1. Attempt to issue the report.,The action is refused,Denied,No,-,-,Screenshot,Observed result matched the expected result.,PASS,,UAT Team (real persona sessions),2026-08-31,
IA-UAT-SEC-006,Role / Permission / SoD Negatives,Management cannot modify a finding,Confidentiality and integrity,Benefits Management / Auditee (audit.mgmt.benefits),Finding released,-,Management workspace > Findings,1. Attempt to edit the finding text or severity.,Only responding is possible; editing is refused,Denied,No,-,-,Screenshot,Failed in first pass; retested after Remediation Wave 1 and now meets the expected result.,PASS AFTER REMEDIATION,UAT-DEF-02,UAT Team (real persona sessions),2026-08-31,
IA-UAT-SEC-007,Role / Permission / SoD Negatives,Management cannot see auditor working papers,Confidentiality,Benefits Management / Auditee (audit.mgmt.benefits),Working papers exist,-,Direct navigation to working papers,1. Enter the working papers address directly.,Access is refused or redirected to a safe page,Denied,No,-,-,Screenshot,Observed result matched the expected result.,PASS,,UAT Team (real persona sessions),2026-08-31,
IA-UAT-SEC-008,Role / Permission / SoD Negatives,Management cannot see another department's records,Confidentiality,Compliance Management / Auditee (audit.mgmt.compliance),Benefits records exist,Benefits engagement reference,Direct navigation to a Benefits engagement,1. Enter a Benefits engagement address directly as Compliance Management.,Access is refused and no Benefits data is displayed,Denied,No,-,-,Screenshot,Expected business outcome achieved; usability/messaging expectation not met. Accepted to post-UAT backlog.,FAIL (DEFERRED),UAT-DEF-05,UAT Team (real persona sessions),2026-08-31,
IA-UAT-SEC-009,Role / Permission / SoD Negatives,Management cannot self-verify a corrective action,Segregation of duties,Finance Management / Auditee (audit.mgmt.finance),Action completed,-,Management workspace > Actions,1. Attempt verification.,The action is refused,Denied,No,-,-,Screenshot,Observed result matched the expected result.,PASS,,UAT Team (real persona sessions),2026-08-31,
IA-UAT-SEC-010,Role / Permission / SoD Negatives,Audit Administrator cannot act as Head of Internal Audit,Authority boundary,Audit System Administrator (audit.admin),Plan submitted,-,Direct navigation to plan approval and closure,1. Attempt plan approval and engagement closure.,Both are refused,Denied,No,-,-,Screenshot,Observed result matched the expected result.,PASS,,UAT Team (real persona sessions),2026-08-31,
IA-UAT-SEC-011,Role / Permission / SoD Negatives,Unauthenticated access is refused,Perimeter security,Unauthenticated visitor,Signed out,-,Direct navigation to audit addresses,"1. Open audit dashboard, engagement, findings and action centre addresses without signing in.",All requests are redirected to sign-in with no audit data displayed,Denied,No,-,-,Screenshot,Observed result matched the expected result.,PASS,,UAT Team (real persona sessions),2026-08-31,
IA-UAT-SEC-012,Role / Permission / SoD Negatives,Closed plan cannot be casually amended,Record integrity,Lead Auditor (audit.lead),Plan closed,-,Annual Plan,1. Attempt to add an engagement or change the closed plan.,The change is refused and the closed record remains intact,Denied,No,-,-,Screenshot,Observed result matched the expected result.,PASS,,UAT Team (real persona sessions),2026-08-31,
IA-UAT-USM-001,User Manual Alignment & Usability,Live system matches the user manual,Documentation alignment,Lead Auditor (audit.lead),User manual available,docs/audit/user-manual,Internal Audit > User Manuals,"1. Follow the manual's planning, fieldwork and closure procedures step by step in the live system. 2. Compare navigation, labels and screenshots.","Navigation, labels, workflow and statuses match the manual; differences are recorded as documentation defects",Read-only pass,No,-,-,Manual section and screen comparison,Expected business outcome achieved; usability/messaging expectation not met. Accepted to post-UAT backlog.,FAIL (DEFERRED),UAT-DEF-07,UAT Team (real persona sessions),2026-08-31,
IA-UAT-USM-002,User Manual Alignment & Usability,Business usability review,Usability acceptance,Head of Internal Audit (audit.hia),Portfolio active,-,Across the module,"1. Review labels, statuses, buttons, empty states, loading states, error messages, required-field indication, date format and table readability.",A business user can operate the module without technical assistance; usability issues are logged separately from functional failures,Read-only pass,No,-,-,Notes and screenshots,Observed result matched the expected result.,PASS,,UAT Team (real persona sessions),2026-08-31,
